{"volume": 2.5, "distance": 26.06, "conversion": 0.09593246354566386, "analogCaliDict": {"pH4": 648.37, "pH7": 528.77}, "gradient": -0.025083612040133773, "y_intercept": 20.263461538461534}