{"volume": 0, "distance": 0, "conversion": 0.09336099585062244, "analogCaliDict": {"pH4": -1, "pH7": -1}, "gradient": -0.02602, "y_intercept": 20.69362}