{"volume": 2.5, "distance": 26.06, "conversion": 0.09593246354566386, "analogCaliDict": {"pH4": 622.0, "pH7": 512.0}, "gradient": -0.02727272727272727, "y_intercept": 20.96363636363636}