{"volume": 2.5, "distance": 26.06, "conversion": 0.09593246354566386, "analogCaliDict": {"pH4": 603.67, "pH7": 493.45}, "gradient": -0.027218290691344592, "y_intercept": 20.43086554164399}